{"cameraMode":{"drawMode":0,"name":"Shaded","section":"Shading Mode"},"sceneLighting":false,"audioPlay":false,"sceneViewState":{"showFog":true,"showMaterialUpdate":false,"showSkybox":false,"showFlares":true,"showImageEffects":true,"showParticleSystems":true,"showVisualEffectGraphs":true,"m_FxEnabled":true},"in2DMode":false,"pivot":{"x":-0.08521604537963867,"y":0.700258195400238,"z":1.0138548612594605},"rotation":{"x":-0.000927348155528307,"y":0.9942644238471985,"z":-0.10660259425640106,"w":-0.00864936038851738},"size":0.694405198097229,"orthographic":false}